,sentiment,content,percentage
0,neg,19,0.09405940594059406
1,neu,112,0.5544554455445545
2,pos,71,0.35148514851485146
