,sentiment,content,percentage
0,neg,4151,0.1316607460035524
1,neu,7419,0.23531464095407256
2,pos,19958,0.633024613042375
