,sentiment,content,percentage
0,neg,140,0.15367727771679474
1,neu,228,0.2502744237102086
2,pos,543,0.5960482985729967
