,sentiment,content,percentage
0,neg,5,0.11627906976744186
1,neu,28,0.6511627906976745
2,pos,10,0.23255813953488372
