,sentiment,content,percentage
0,neg,55,0.18032786885245902
1,neu,100,0.32786885245901637
2,pos,150,0.4918032786885246
