,sentiment,content,percentage
0,neg,7477,0.1487782553326966
1,neu,15680,0.31200254695956703
2,pos,27099,0.5392191977077364
